{
  "landmark-doomtown": {
    "x": 1280.2445881688864,
    "y": 944.550759673321
  },
  "metro-slide-03": {
    "x": 177.13369003533052,
    "y": 940.1101267082618
  },
  "landmark-landmass-1": {
    "x": 2744.5213671129472,
    "y": -1853.5539924954771
  },
  "subnode-subnode-15-ourweunion": {
    "x": 2728.257143836325,
    "y": -364.3279018342122
  },
  "landmark-landmass-3": {
    "x": -291.09657276203507,
    "y": 1216.3963047269513
  },
  "landmark-water-1": {
    "x": -1216.9201343598684,
    "y": -721.2555764624645
  },
  "landmark-landmass-2": {
    "x": 137.56729634269777,
    "y": -1312.5163014981545
  },
  "river-waypoint-6": {
    "x": 3612.100400531625,
    "y": 183.13003320939114
  },
  "landmark-water-2": {
    "x": -2407.996038191107,
    "y": -383.1929713629921
  },
  "landmark-port-no-fear": {
    "x": 507.34986023302395,
    "y": 1096.8896128126526
  },
  "landmark-port-necessity": {
    "x": -451.4119764372886,
    "y": 647.1763583874156
  },
  "landmark-port-curiosity": {
    "x": 584.4262525612511,
    "y": -193.2225753196619
  },
  "metro-slide-01": {
    "x": -260.2495609637899,
    "y": 563.9967089245405
  },
  "metro-slide-02": {
    "x": 17.709833900134807,
    "y": 652.7043803470145
  },
  "landmark-slop-factory": {
    "x": 1933.3455535362496,
    "y": 0.16337249040788038
  },
  "landmark-empowerment": {
    "x": 3597.4681693956,
    "y": 607.3692945508056
  },
  "metro-slide-26": {
    "x": 3616.37846407926,
    "y": 809.482485110389
  },
  "metro-slide-15b": {
    "x": 2944.1419765328046,
    "y": 607.469281214253
  },
  "metro-slide-16": {
    "x": 842.2284502992848,
    "y": 1104.9210718128893
  },
  "subnode-subnode-23-videosum": {
    "x": 2952.754515209133,
    "y": 734.8561175508625
  },
  "river-waypoint-2": {
    "x": 900,
    "y": 354.47673966196254
  },
  "subnode-subnode-03-1": {
    "x": 374.2050221858241,
    "y": 293.6717579892825
  },
  "river-waypoint-1": {
    "x": 515.161118613652,
    "y": 390.5309643092123
  },
  "metro-slide-09": {
    "x": 978.9275171480446,
    "y": -43.891983143280875
  },
  "metro-slide-08": {
    "x": 724.6417221175955,
    "y": 61.841081045240415
  },
  "metro-slide-11": {
    "x": 1250.6665098827066,
    "y": -47.721773127913636
  },
  "metro-slide-10": {
    "x": 1507.9472566259676,
    "y": 199.7164041801194
  },
  "metro-slide-12": {
    "x": 1628.4605621225237,
    "y": 277.0043240619696
  },
  "metro-slide-13": {
    "x": 1992.0328644243125,
    "y": 395.40683741105283
  },
  "metro-slide-15": {
    "x": 2546.9719049442024,
    "y": 619.7760410292782
  },
  "metro-slide-04": {
    "x": 459.67637485528286,
    "y": 934.6879340428852
  },
  "metro-slide-06": {
    "x": 539.7622583478966,
    "y": 291.05520072130594
  },
  "metro-slide-07": {
    "x": 1066.4963301267853,
    "y": 449.2180672462347
  },
  "metro-slide-05": {
    "x": 414.7618675423267,
    "y": 690.6800434742925
  },
  "subnode-subnode-21-instantbook": {
    "x": 1414.452008118837,
    "y": 667.0644466469752
  },
  "metro-slide-25": {
    "x": 3603.653880365556,
    "y": 837.4037464641241
  },
  "metro-slide-18": {
    "x": 1318.8258484104947,
    "y": 824.6808014256328
  },
  "metro-slide-24": {
    "x": 3059.077679050643,
    "y": 1382.1671546311675
  },
  "metro-slide-23": {
    "x": 2729.3473676233543,
    "y": 1461.1505904274488
  },
  "metro-slide-19": {
    "x": 1505.1919528405992,
    "y": 609.9158074715426
  },
  "metro-slide-20": {
    "x": 1787.6524043616869,
    "y": 841.9068370437424
  },
  "river-waypoint-5": {
    "x": 3122.785603263363,
    "y": 857.3074600326328
  },
  "metro-slide-14": {
    "x": 2324.3446518752226,
    "y": 386.9500741215452
  },
  "metro-slide-20b": {
    "x": 1941.5587776808898,
    "y": 1076.4330172487166
  }
}
