{
  "landmark-doomtown": {
    "x": 3748.5410151465267,
    "y": 1228.0216760412486
  },
  "metro-slide-03": {
    "x": 13.133690035330531,
    "y": 900.1101267082618
  },
  "landmark-landmass-1": {
    "x": 2744.5213671129472,
    "y": -1853.5539924954771
  },
  "subnode-subnode-15-ourweunion": {
    "x": 2728.257143836325,
    "y": -364.3279018342122
  },
  "landmark-landmass-3": {
    "x": -291.09657276203507,
    "y": 1216.3963047269513
  },
  "landmark-water-1": {
    "x": -1216.9201343598684,
    "y": -721.2555764624645
  },
  "landmark-landmass-2": {
    "x": 137.56729634269777,
    "y": -1312.5163014981545
  },
  "river-waypoint-6": {
    "x": 3885.7404241517206,
    "y": 1366.6231353663052
  },
  "landmark-water-2": {
    "x": -2407.996038191107,
    "y": -383.1929713629921
  },
  "landmark-port-no-fear": {
    "x": 711.7105302422799,
    "y": 1280.838564702554
  },
  "landmark-port-necessity": {
    "x": -332.32001583232085,
    "y": 301.48716802914106
  },
  "landmark-port-curiosity": {
    "x": 642.0569765185812,
    "y": -303.23492206428756
  },
  "metro-slide-01": {
    "x": -23.383212053539694,
    "y": 357.03583747905617
  },
  "metro-slide-02": {
    "x": 295.28496451965975,
    "y": 609.5547170693505
  },
  "landmark-slop-factory": {
    "x": 1968.7249813391795,
    "y": -162.81221961092697
  },
  "landmark-empowerment": {
    "x": 3726.46712604322,
    "y": 168.5389186571809
  },
  "metro-slide-26": {
    "x": 3610.3345219711255,
    "y": 399.474873307737
  },
  "metro-slide-15b": {
    "x": 2944.1419765328046,
    "y": 607.469281214253
  },
  "metro-slide-16": {
    "x": 1029.430028431549,
    "y": 1178.6671480468117
  },
  "subnode-subnode-23-videosum": {
    "x": 2952.754515209133,
    "y": 734.8561175508625
  },
  "river-waypoint-2": {
    "x": 900,
    "y": 354.47673966196254
  },
  "subnode-subnode-03-1": {
    "x": 374.2050221858241,
    "y": 293.6717579892825
  },
  "river-waypoint-1": {
    "x": 515.161118613652,
    "y": 390.5309643092123
  },
  "metro-slide-09": {
    "x": 929.0873805704553,
    "y": 73.48496607759554
  },
  "metro-slide-08": {
    "x": 529.5675149412306,
    "y": -46.38502019644147
  },
  "metro-slide-11": {
    "x": 1250.6665098827066,
    "y": -47.721773127913636
  },
  "metro-slide-10": {
    "x": 1507.9472566259676,
    "y": 199.7164041801194
  },
  "metro-slide-12": {
    "x": 1641.1833868661104,
    "y": 408.71108693188876
  },
  "metro-slide-13": {
    "x": 1914.6646627684433,
    "y": 275.4861248444559
  },
  "metro-slide-15": {
    "x": 2563.066832516522,
    "y": 623.7997729223581
  },
  "metro-slide-04": {
    "x": 462.56230724068473,
    "y": 1002.50734509983
  },
  "metro-slide-06": {
    "x": 490.1600434932716,
    "y": 305.22417124749916
  },
  "metro-slide-07": {
    "x": 1004.8295379983265,
    "y": 412.21759310150287
  },
  "metro-slide-05": {
    "x": 630.5391398899507,
    "y": 719.8787860329753
  },
  "subnode-subnode-21-instantbook": {
    "x": 1414.452008118837,
    "y": 667.0644466469752
  },
  "metro-slide-25": {
    "x": 3389.8199148308404,
    "y": 786.6379251655478
  },
  "metro-slide-18": {
    "x": 1293.1473156676198,
    "y": 870.4857517237338
  },
  "metro-slide-24": {
    "x": 3059.077679050643,
    "y": 1382.1671546311675
  },
  "metro-slide-23": {
    "x": 2729.3473676233543,
    "y": 1461.1505904274488
  },
  "metro-slide-19": {
    "x": 1508.3225678913893,
    "y": 717.1777192209099
  },
  "metro-slide-20": {
    "x": 1787.6524043616869,
    "y": 841.9068370437424
  },
  "river-waypoint-5": {
    "x": 3122.785603263363,
    "y": 857.3074600326328
  },
  "metro-slide-14": {
    "x": 2276.883004156788,
    "y": 464.43847855980533
  },
  "metro-slide-20b": {
    "x": 1941.5587776808898,
    "y": 1076.4330172487166
  },
  "river-waypoint-3": {
    "x": 1957.921241070622,
    "y": 567.4097258428835
  },
  "river-waypoint-4": {
    "x": 2562.6178355686147,
    "y": 765.0852525379564
  },
  "metro-project-craigdossantos": {
    "x": 1066.9955737022951,
    "y": 1243.30696703751
  },
  "metro-project-secretgame": {
    "x": 1587.777165332689,
    "y": 1337.6287397877634
  },
  "metro-project-freestyleflow": {
    "x": 1882.0962422785822,
    "y": 1405.2156170384853
  },
  "metro-project-ourweunion": {
    "x": 2081.5700558510443,
    "y": 1492.6558070595252
  },
  "metro-project-dialoguedojo": {
    "x": 2356.51782943245,
    "y": 1341.1418658901653
  },
  "metro-project-instantbook": {
    "x": 2651.1604236991266,
    "y": 1176.140390324579
  },
  "metro-project-youtubesummary": {
    "x": 3135.7372436096744,
    "y": 1082.0049608067397
  },
  "metro-project-videosum": {
    "x": 3565.2926416767705,
    "y": 964.523867097566
  },
  "metro-project-quota": {
    "x": 3772.365870422395,
    "y": 889.4509754824671
  },
  "metro-project-levelupai": {
    "x": 3568.9033021820833,
    "y": 524.0316097212283
  }
}
