{
  "river-waypoint-3": {
    "x": 1957.921241070622,
    "y": 567.4097258428835
  },
  "river-waypoint-4": {
    "x": 2562.6178355686147,
    "y": 765.0852525379564
  },
  "metro-slide-07": {
    "x": 1001.3303079860813,
    "y": 335.23453283210824
  },
  "metro-slide-06": {
    "x": 490.1600434932716,
    "y": 305.22417124749916
  },
  "metro-slide-02": {
    "x": 295.28496451965975,
    "y": 609.5547170693505
  },
  "metro-slide-01": {
    "x": -23.383212053539694,
    "y": 357.03583747905617
  },
  "landmark-port-necessity": {
    "x": -332.32001583232085,
    "y": 301.48716802914106
  },
  "metro-slide-05": {
    "x": 630.5391398899507,
    "y": 719.8787860329753
  },
  "river-waypoint-6": {
    "x": 3885.7404241517206,
    "y": 1366.6231353663052
  },
  "landmark-port-curiosity": {
    "x": 642.0569765185812,
    "y": -303.23492206428756
  },
  "metro-slide-08": {
    "x": 529.5675149412306,
    "y": -46.38502019644147
  },
  "metro-slide-09": {
    "x": 929.0873805704553,
    "y": 73.48496607759554
  },
  "landmark-doomtown": {
    "x": 3748.5410151465267,
    "y": 1228.0216760412486
  },
  "metro-slide-16": {
    "x": 1029.430028431549,
    "y": 1178.6671480468117
  },
  "landmark-port-no-fear": {
    "x": 711.7105302422799,
    "y": 1280.838564702554
  },
  "metro-slide-03": {
    "x": 13.133690035330531,
    "y": 900.1101267082618
  },
  "metro-slide-04": {
    "x": 462.56230724068473,
    "y": 1002.50734509983
  },
  "landmark-empowerment": {
    "x": 3726.46712604322,
    "y": 168.5389186571809
  },
  "metro-slide-26": {
    "x": 3610.3345219711255,
    "y": 399.474873307737
  },
  "metro-slide-25": {
    "x": 3389.8199148308404,
    "y": 786.6379251655478
  },
  "metro-project-craigdossantos": {
    "x": 1139.0844558184565,
    "y": 1455.6769170553912
  },
  "metro-project-secretgame": {
    "x": 1587.777165332689,
    "y": 1337.6287397877634
  },
  "metro-project-freestyleflow": {
    "x": 1882.0962422785822,
    "y": 1405.2156170384853
  },
  "metro-project-ourweunion": {
    "x": 2081.5700558510443,
    "y": 1492.6558070595252
  },
  "metro-project-dialoguedojo": {
    "x": 2356.51782943245,
    "y": 1341.1418658901653
  },
  "metro-project-instantbook": {
    "x": 2651.1604236991266,
    "y": 1176.140390324579
  },
  "metro-project-youtubesummary": {
    "x": 3135.7372436096744,
    "y": 1082.0049608067397
  },
  "metro-project-videosum": {
    "x": 3502.772397545711,
    "y": 921.5411992574627
  },
  "metro-project-quota": {
    "x": 3894.814404138875,
    "y": 889.6174930180042
  },
  "metro-project-levelupai": {
    "x": 4049.527678939602,
    "y": 756.5287675836054
  },
  "metro-slide-15": {
    "x": 3011.256966120841,
    "y": 617.7004313276174
  },
  "landmark-slop-factory": {
    "x": 1968.7249813391795,
    "y": -162.81221961092697
  },
  "metro-slide-13": {
    "x": 1914.6646627684433,
    "y": 275.4861248444559
  },
  "metro-slide-12": {
    "x": 1641.1833868661104,
    "y": 408.71108693188876
  },
  "metro-slide-14": {
    "x": 2276.883004156788,
    "y": 464.43847855980533
  },
  "metro-slide-18": {
    "x": 1293.1473156676198,
    "y": 870.4857517237338
  },
  "metro-slide-19": {
    "x": 1508.3225678913893,
    "y": 717.1777192209099
  },
  "metro-project-stefsbirthday": {
    "x": 3719.8047171393832,
    "y": 1062.4829032013272
  },
  "metro-slide-14b": {
    "x": 2515.610298142253,
    "y": 498.1248090667825
  },
  "metro-slide-15b": {
    "x": 2147.6995590456304,
    "y": 1354.3277349668167
  },
  "river-waypoint-0": {
    "x": -686.0964139402763,
    "y": -61.37268891748559
  }
}
